latitude,longitude,bright_ti4,scan,track,acq_date,acq_time,satellite,instrument,confidence,version,bright_ti5,frp,daynight,type,persistence_count,land_cover_class,land_cover_name,label
20.78723,85.26219,338.88,0.48,0.4,2025-02-14,716,N,VIIRS,l,2,310.53,6.03,D,2,248,,Unknown,1
22.37819,87.27722,333.38,0.41,0.37,2025-01-23,729,N,VIIRS,l,2,304.45,5.49,D,2,279,,Unknown,1
18.06499,74.81497,335.51,0.52,0.41,2025-01-25,831,N,VIIRS,n,2,308.03,3.39,D,0,1,40.0,Cropland,0
23.56143,82.58011,341.55,0.46,0.64,2025-03-25,825,N,VIIRS,n,2,306.15,3.82,D,0,2,10.0,Tree cover,0
21.47396,81.25091,331.17,0.39,0.36,2025-01-01,741,N,VIIRS,n,2,304.43,1.55,D,0,1,40.0,Cropland,0
19.17397,73.35892,342.17,0.58,0.52,2025-02-23,747,N,VIIRS,n,2,310.52,12.22,D,0,2,10.0,Tree cover,0
15.3474,77.85108,347.54,0.36,0.57,2025-02-08,727,N,VIIRS,n,2,306.87,4.24,D,0,2,20.0,Shrubland,0
21.5139,82.11795,347.97,0.44,0.38,2025-01-27,754,N,VIIRS,n,2,311.34,8.19,D,0,1,40.0,Cropland,0
21.17947,81.3855,303.79,0.5,0.49,2025-02-27,2041,N,VIIRS,n,2,293.41,2.33,N,3,71,50.0,Built-up,1
23.82953,84.93353,345.22,0.4,0.37,2025-02-19,723,N,VIIRS,n,2,308.13,5.31,D,2,162,,Unknown,1
19.10197,73.05398,323.15,0.4,0.45,2025-03-19,2107,N,VIIRS,n,2,292.13,3.17,N,2,121,50.0,Built-up,1
23.17577,82.15755,348.38,0.45,0.39,2025-03-12,729,N,VIIRS,n,2,313.41,7.41,D,0,1,30.0,Grassland,0
21.82109,83.60572,337.95,0.41,0.37,2025-03-12,728,N,VIIRS,l,2,311.95,5.62,D,0,1,40.0,Cropland,0
13.25999,79.53958,337.03,0.34,0.56,2025-03-29,1940,N,VIIRS,n,2,295.22,4.66,N,0,2,10.0,Tree cover,0
20.9792,85.13731,349.06,0.42,0.38,2025-03-06,741,N,VIIRS,n,2,315.44,8.9,D,2,216,,Unknown,1
15.1968,78.87188,339.98,0.42,0.45,2025-03-25,823,N,VIIRS,n,2,307.89,3.12,D,0,1,20.0,Shrubland,0
21.39763,82.02108,343.77,0.37,0.58,2025-01-19,704,N,VIIRS,n,2,308.26,4.16,D,0,2,40.0,Cropland,0
15.17792,76.67551,314.95,0.42,0.38,2025-01-06,2018,N,VIIRS,n,2,294.17,2.43,N,2,116,50.0,Built-up,1
23.16679,82.33273,321.63,0.59,0.7,2025-03-14,1919,N,VIIRS,n,2,294.58,8.07,N,2,64,50.0,Built-up,1
17.6932,75.74722,334.64,0.53,0.42,2025-01-11,753,N,VIIRS,n,2,299.47,4.75,D,0,1,40.0,Cropland,0
21.92491,83.35139,308.28,0.39,0.36,2025-02-02,2010,N,VIIRS,n,2,294.5,3.61,N,2,390,50.0,Built-up,1
21.92101,83.34735,304.54,0.39,0.36,2025-01-01,2010,N,VIIRS,n,2,289.3,2.34,N,2,390,50.0,Built-up,1
21.31171,81.59029,302.6,0.51,0.41,2025-02-17,2029,N,VIIRS,n,2,291.41,0.95,N,2,68,50.0,Built-up,1
21.98788,82.01787,299.22,0.53,0.5,2025-02-27,2041,N,VIIRS,n,2,289.08,0.39,N,0,16,50.0,Built-up,1
17.29968,77.43379,308.35,0.4,0.6,2025-02-14,1946,N,VIIRS,n,2,289.69,8.94,N,0,1,20.0,Shrubland,0
18.03799,73.46568,346.52,0.48,0.4,2025-03-10,805,N,VIIRS,n,2,314.91,14.93,D,0,1,30.0,Grassland,0
22.03989,83.7317,339.81,0.45,0.47,2025-02-09,1939,N,VIIRS,n,2,291.0,5.62,N,2,440,30.0,Grassland,1
21.18089,81.38439,303.59,0.49,0.4,2025-01-07,1958,N,VIIRS,n,2,290.45,1.43,N,3,46,50.0,Built-up,1
11.81539,77.91668,309.36,0.36,0.57,2025-01-04,2057,N,VIIRS,n,2,290.87,1.4,N,2,45,50.0,Built-up,1
22.7262,81.99769,346.41,0.42,0.45,2025-03-26,806,N,VIIRS,l,2,316.89,8.72,D,0,1,30.0,Grassland,0
17.13955,77.18411,301.52,0.43,0.38,2025-01-21,2037,N,VIIRS,n,2,291.32,1.06,N,2,29,50.0,Built-up,1
23.42034,82.28455,310.44,0.43,0.38,2025-03-16,2022,N,VIIRS,n,2,291.1,1.06,N,0,1,10.0,Tree cover,0
22.04362,83.72838,305.18,0.4,0.37,2025-01-17,2010,N,VIIRS,n,2,287.45,6.38,N,2,440,30.0,Grassland,1
21.91994,83.35021,336.42,0.39,0.36,2025-01-01,741,N,VIIRS,l,2,309.11,2.9,D,2,390,50.0,Built-up,1
22.04438,83.73584,336.5,0.54,0.68,2025-03-09,825,N,VIIRS,n,2,304.6,8.74,D,2,243,60.0,Bare/sparse vegetation,1
23.51073,81.49717,307.0,0.34,0.56,2025-03-29,1937,N,VIIRS,n,2,294.08,0.59,N,0,1,10.0,Tree cover,0
23.68381,86.39454,342.57,0.53,0.5,2025-02-12,754,N,VIIRS,n,2,311.86,10.07,D,2,251,,Unknown,1
15.29643,75.69892,343.39,0.49,0.49,2025-03-11,746,N,VIIRS,n,2,312.55,4.22,D,0,1,20.0,Shrubland,0
18.93058,73.78484,367.0,0.47,0.64,2025-03-07,902,N,VIIRS,h,2,316.2,26.77,D,0,2,40.0,Cropland,0
16.21599,75.80215,337.07,0.47,0.64,2025-02-24,727,N,VIIRS,n,2,310.95,1.71,D,0,1,40.0,Cropland,0
15.17003,76.37917,306.47,0.35,0.57,2025-02-19,1953,N,VIIRS,n,2,292.24,1.29,N,2,115,50.0,Built-up,1
23.16637,82.33716,353.67,0.34,0.56,2025-03-08,704,N,VIIRS,n,2,311.2,5.11,D,2,394,30.0,Grassland,1
20.96893,86.01279,342.5,0.37,0.58,2025-01-05,806,N,VIIRS,n,2,301.47,7.4,D,2,190,,Unknown,1
25.13017,93.86598,339.07,0.39,0.36,2025-01-14,658,N,VIIRS,n,2,296.73,9.75,D,0,42,,Unknown,1
14.23132,78.61565,345.56,0.42,0.61,2025-02-04,842,N,VIIRS,n,2,307.87,3.57,D,0,1,40.0,Cropland,0
15.17706,76.65528,317.91,0.41,0.45,2025-01-12,2006,N,VIIRS,n,2,293.81,1.78,N,2,187,50.0,Built-up,1
17.66505,76.36868,347.92,0.42,0.38,2025-02-17,759,N,VIIRS,n,2,314.4,4.6,D,0,1,40.0,Cropland,0
21.19108,81.38978,304.66,0.63,0.72,2025-02-15,2107,N,VIIRS,n,2,292.18,2.45,N,2,109,50.0,Built-up,1
23.37671,83.61605,307.14,0.39,0.36,2025-03-17,2003,N,VIIRS,n,2,288.53,1.29,N,0,1,30.0,Grassland,0
22.04352,83.73074,337.81,0.55,0.43,2025-02-14,1945,N,VIIRS,n,2,294.79,5.64,N,2,440,60.0,Bare/sparse vegetation,1
21.95759,82.24854,336.33,0.4,0.37,2025-01-22,748,N,VIIRS,l,2,308.54,6.58,D,0,2,40.0,Cropland,0
18.05358,73.7551,307.79,0.61,0.53,2025-02-04,2114,N,VIIRS,n,2,288.52,1.45,N,0,2,30.0,Grassland,0
23.57788,83.34104,338.52,0.47,0.47,2025-03-29,710,N,VIIRS,l,2,309.17,5.19,D,0,1,10.0,Tree cover,0
21.18358,81.3877,312.34,0.39,0.36,2025-02-02,2010,N,VIIRS,n,2,297.15,1.02,N,3,71,50.0,Built-up,1
22.04497,83.73041,349.06,0.38,0.36,2025-02-13,735,N,VIIRS,n,2,316.98,7.79,D,2,440,60.0,Bare/sparse vegetation,1
23.67964,86.09494,343.18,0.41,0.45,2025-01-06,748,N,VIIRS,n,2,296.79,5.99,D,2,228,,Unknown,1
21.28768,82.74031,353.69,0.35,0.56,2025-03-08,703,N,VIIRS,n,2,304.97,3.32,D,0,1,40.0,Cropland,0
21.35185,83.71613,331.33,0.39,0.37,2025-01-01,741,N,VIIRS,n,2,300.25,1.46,D,0,2,40.0,Cropland,0
22.1848,83.16045,337.29,0.49,0.4,2025-03-16,753,N,VIIRS,n,2,304.41,5.22,D,0,2,10.0,Tree cover,0
15.05546,77.16935,304.81,0.41,0.37,2025-03-11,2018,N,VIIRS,n,2,294.76,1.59,N,0,1,20.0,Shrubland,0
17.42264,77.30884,346.46,0.57,0.69,2025-03-02,715,N,VIIRS,n,2,310.58,4.36,D,0,1,40.0,Cropland,0
18.68191,73.03266,304.9,0.66,0.73,2025-03-23,1952,N,VIIRS,n,2,293.43,2.6,N,2,87,50.0,Built-up,1
20.5304,74.60001,340.54,0.41,0.37,2025-02-22,806,N,VIIRS,l,2,313.39,4.72,D,0,1,40.0,Cropland,0
22.00442,82.26474,336.38,0.56,0.51,2025-02-09,710,N,VIIRS,n,2,307.11,2.81,D,0,2,40.0,Cropland,0
22.03977,83.73299,367.0,0.34,0.56,2025-03-15,812,N,VIIRS,h,2,318.49,11.11,D,2,440,30.0,Grassland,1
23.1648,82.3373,345.43,0.36,0.58,2025-02-20,1932,N,VIIRS,n,2,291.94,6.24,N,2,174,80.0,Permanent water,1
23.6868,86.39283,330.2,0.47,0.48,2025-01-27,2022,N,VIIRS,n,2,291.4,5.12,N,2,235,,Unknown,1
13.08404,78.91234,338.1,0.4,0.44,2025-03-25,822,N,VIIRS,n,2,306.56,4.79,D,0,1,10.0,Tree cover,0
21.50348,82.22701,347.36,0.44,0.38,2025-03-16,753,N,VIIRS,n,2,307.84,5.22,D,0,2,40.0,Cropland,0
21.07906,85.03915,329.12,0.41,0.45,2025-01-11,753,N,VIIRS,l,2,303.62,5.53,D,2,259,,Unknown,1
15.18497,76.64233,307.13,0.5,0.41,2025-02-27,2043,N,VIIRS,n,2,294.49,1.89,N,2,17,50.0,Built-up,1
21.19682,82.09884,342.2,0.52,0.5,2025-02-27,812,N,VIIRS,n,2,312.66,7.32,D,0,1,40.0,Cropland,0
23.71893,86.44392,306.83,0.51,0.49,2025-02-15,1925,N,VIIRS,n,2,293.29,5.06,N,2,229,,Unknown,1
21.87815,83.49757,305.86,0.43,0.46,2025-02-01,2029,N,VIIRS,n,2,292.67,1.75,N,2,38,50.0,Built-up,1
21.91902,83.35298,314.97,0.41,0.61,2025-01-31,2048,N,VIIRS,n,2,293.34,2.13,N,2,390,50.0,Built-up,1
21.28421,79.14069,347.35,0.42,0.45,2025-03-20,818,N,VIIRS,n,2,310.87,10.55,D,0,56,,Unknown,1
23.81801,82.12134,345.11,0.44,0.46,2025-03-26,806,N,VIIRS,n,2,311.06,3.79,D,0,1,10.0,Tree cover,0
23.16777,82.3333,324.31,0.72,0.76,2025-02-21,1913,N,VIIRS,n,2,289.28,2.44,N,2,64,50.0,Built-up,1
23.16603,82.33599,352.92,0.45,0.39,2025-03-12,729,N,VIIRS,n,2,317.38,7.26,D,2,394,30.0,Grassland,1
21.3066,81.38511,332.09,0.39,0.36,2025-01-17,741,N,VIIRS,n,2,301.96,2.45,D,0,1,30.0,Grassland,0
15.93936,79.03874,338.48,0.45,0.39,2025-02-27,811,N,VIIRS,l,2,308.86,2.99,D,0,1,20.0,Shrubland,0
10.8979,78.12007,331.94,0.44,0.46,2025-02-10,829,N,VIIRS,l,2,302.14,4.8,D,0,1,30.0,Grassland,0
20.79352,85.25395,342.73,0.36,0.57,2025-02-06,2035,N,VIIRS,n,2,293.67,5.59,N,2,120,,Unknown,1
17.58329,77.04465,306.83,0.49,0.65,2025-03-08,2114,N,VIIRS,n,2,290.72,0.73,N,0,2,40.0,Cropland,0
17.84859,80.9619,337.07,0.51,0.5,2025-01-31,818,N,VIIRS,n,2,307.0,3.02,D,0,1,40.0,Cropland,0
13.99933,78.87742,332.71,0.42,0.45,2025-03-22,739,N,VIIRS,n,2,300.92,1.74,D,0,1,20.0,Shrubland,0
22.04175,83.73528,337.68,0.45,0.63,2025-01-25,651,N,VIIRS,n,2,302.42,6.34,D,2,243,60.0,Bare/sparse vegetation,1
23.77934,86.39149,338.22,0.45,0.47,2025-01-30,658,N,VIIRS,n,2,304.91,9.38,D,2,400,,Unknown,1
21.85937,83.96654,306.27,0.34,0.56,2025-03-31,2041,N,VIIRS,n,2,294.65,1.42,N,2,50,50.0,Built-up,1
15.17973,76.65571,309.4,0.42,0.37,2025-03-26,2036,N,VIIRS,n,2,295.57,2.65,N,2,187,50.0,Built-up,1
15.18042,76.66553,336.38,0.38,0.36,2025-03-31,810,N,VIIRS,l,2,307.39,4.04,D,2,94,50.0,Built-up,1
20.79603,85.2558,336.32,0.51,0.41,2025-02-23,747,N,VIIRS,n,2,299.74,8.83,D,2,148,,Unknown,1
14.39935,78.62306,327.92,0.56,0.51,2025-03-04,2050,N,VIIRS,n,2,297.22,3.05,N,0,1,10.0,Tree cover,0
13.97583,78.13255,332.94,0.63,0.72,2025-02-14,855,N,VIIRS,n,2,300.44,2.35,D,0,1,20.0,Shrubland,0
23.77626,86.36391,332.46,0.46,0.39,2025-01-08,710,N,VIIRS,l,2,303.12,5.1,D,2,72,,Unknown,1
23.3414,92.24596,322.3,0.4,0.37,2025-03-13,1937,N,VIIRS,n,2,292.52,5.12,N,0,18,,Unknown,1
23.44094,82.20737,348.72,0.4,0.37,2025-03-11,748,N,VIIRS,n,2,309.1,4.49,D,0,1,10.0,Tree cover,0
19.17261,73.54277,306.86,0.52,0.42,2025-03-30,2101,N,VIIRS,n,2,292.22,2.24,N,0,2,30.0,Grassland,0
21.18384,81.38698,309.88,0.39,0.36,2025-03-22,2010,N,VIIRS,n,2,295.38,5.03,N,3,71,50.0,Built-up,1
20.86901,84.99467,336.55,0.63,0.54,2025-02-15,657,N,VIIRS,n,2,305.21,7.11,D,2,111,,Unknown,1
17.97647,80.5722,334.88,0.53,0.42,2025-03-17,733,N,VIIRS,l,2,309.38,6.18,D,0,2,30.0,Grassland,0
22.4239,83.75465,334.58,0.45,0.39,2025-01-02,722,N,VIIRS,n,2,304.07,3.23,D,0,1,40.0,Cropland,0
13.44667,80.09751,300.31,0.4,0.37,2025-01-22,2019,N,VIIRS,n,2,278.51,0.36,N,0,9,50.0,Built-up,1
22.43266,83.06371,336.85,0.42,0.38,2025-03-11,747,N,VIIRS,n,2,308.01,1.36,D,0,1,10.0,Tree cover,0
22.04524,83.7287,331.48,0.53,0.42,2025-02-28,2022,N,VIIRS,n,2,292.82,7.29,N,2,87,30.0,Grassland,1
18.65525,73.33603,336.34,0.44,0.38,2025-02-26,831,N,VIIRS,l,2,309.53,1.76,D,0,2,10.0,Tree cover,0
14.09867,78.67027,340.77,0.42,0.45,2025-02-18,739,N,VIIRS,l,2,311.5,4.68,D,0,2,40.0,Cropland,0
22.0514,83.3221,338.33,0.49,0.4,2025-03-16,753,N,VIIRS,n,2,304.82,3.23,D,0,1,10.0,Tree cover,0
22.16092,82.56403,333.23,0.4,0.37,2025-01-12,735,N,VIIRS,n,2,296.03,2.2,D,0,2,40.0,Cropland,0
22.00375,82.66637,308.15,0.55,0.68,2025-03-14,1919,N,VIIRS,n,2,295.4,2.42,N,2,119,50.0,Built-up,1
22.35379,82.29285,341.47,0.55,0.51,2025-01-08,710,N,VIIRS,n,2,305.88,6.05,D,2,101,30.0,Grassland,1
21.36252,81.68365,306.1,0.38,0.59,2025-02-20,1932,N,VIIRS,n,2,292.56,1.53,N,0,26,50.0,Built-up,1
20.79628,85.25337,331.09,0.63,0.54,2025-03-19,656,N,VIIRS,n,2,300.61,6.76,D,2,87,,Unknown,1
22.04739,83.73296,300.74,0.43,0.46,2025-03-05,2028,N,VIIRS,n,2,289.57,8.09,N,2,87,60.0,Bare/sparse vegetation,1
17.46785,78.20218,337.05,0.39,0.36,2025-01-21,805,N,VIIRS,n,2,311.06,1.72,D,0,1,40.0,Cropland,0
16.30292,75.49543,297.72,0.39,0.36,2025-01-05,2037,N,VIIRS,n,2,284.71,0.49,N,0,2,40.0,Cropland,0
21.0725,83.54092,335.87,0.51,0.41,2025-01-27,754,N,VIIRS,n,2,305.72,4.63,D,0,2,40.0,Cropland,0
21.36444,81.67607,305.14,0.62,0.54,2025-03-13,1938,N,VIIRS,n,2,294.8,2.83,N,2,26,50.0,Built-up,1
18.68279,73.04195,336.07,0.43,0.38,2025-02-26,831,N,VIIRS,l,2,309.41,5.56,D,2,119,50.0,Built-up,1
23.5607,81.57232,336.97,0.5,0.66,2025-03-30,831,N,VIIRS,l,2,310.88,2.54,D,0,1,40.0,Cropland,0
15.83827,77.48195,331.49,0.61,0.71,2025-03-18,714,N,VIIRS,l,2,306.34,2.62,D,0,1,40.0,Cropland,0
23.16657,82.33804,336.15,0.52,0.67,2025-02-10,652,N,VIIRS,n,2,303.95,5.14,D,2,394,30.0,Grassland,1
21.19446,81.39915,309.6,0.5,0.66,2025-02-15,1926,N,VIIRS,n,2,291.96,2.28,N,2,6,50.0,Built-up,1
16.51945,78.73743,345.98,0.35,0.57,2025-03-19,836,N,VIIRS,n,2,315.84,6.72,D,0,1,40.0,Cropland,0
23.56,87.23919,349.39,0.37,0.58,2025-03-05,800,N,VIIRS,n,2,304.16,5.54,D,2,247,,Unknown,1
23.78129,86.21094,339.04,0.51,0.41,2025-02-02,742,N,VIIRS,n,2,306.86,5.78,D,2,324,,Unknown,1
23.77885,86.38929,345.05,0.46,0.39,2025-02-09,710,N,VIIRS,n,2,314.65,8.23,D,2,400,,Unknown,1
22.94445,81.79416,300.59,0.48,0.48,2025-03-31,2040,N,VIIRS,n,2,289.83,1.47,N,0,2,10.0,Tree cover,0
15.68495,78.67706,337.31,0.39,0.36,2025-03-21,758,N,VIIRS,l,2,309.32,2.51,D,0,2,10.0,Tree cover,0
17.51204,78.43179,303.32,0.62,0.71,2025-01-19,2114,N,VIIRS,n,2,287.31,1.79,N,0,19,50.0,Built-up,1
18.62401,73.56347,299.18,0.46,0.64,2025-02-24,1959,N,VIIRS,n,2,285.79,0.59,N,0,1,30.0,Grassland,0
22.35663,82.30548,346.57,0.43,0.62,2025-03-25,825,N,VIIRS,n,2,314.29,7.07,D,2,56,80.0,Permanent water,1
17.35315,75.97478,330.63,0.54,0.51,2025-01-17,740,N,VIIRS,n,2,298.3,3.33,D,0,1,40.0,Cropland,0
20.79617,85.25365,344.26,0.39,0.36,2025-03-12,728,N,VIIRS,n,2,316.58,6.13,D,2,87,,Unknown,1
15.27385,77.85516,349.65,0.45,0.39,2025-02-12,752,N,VIIRS,n,2,314.11,5.45,D,0,2,20.0,Shrubland,0
31.61962,74.43066,295.23,0.36,0.57,2025-03-06,2007,N,VIIRS,n,2,282.1,0.31,N,2,15,50.0,Built-up,1
23.12587,83.55829,341.96,0.45,0.47,2025-03-13,710,N,VIIRS,l,2,311.98,8.77,D,0,1,10.0,Tree cover,0
22.23642,82.03982,335.54,0.56,0.43,2025-01-02,722,N,VIIRS,n,2,304.57,7.6,D,0,1,40.0,Cropland,0
21.63172,82.19792,331.97,0.4,0.37,2025-02-07,748,N,VIIRS,l,2,306.47,1.82,D,0,2,40.0,Cropland,0
21.75728,84.02263,341.02,0.55,0.51,2025-03-10,806,N,VIIRS,n,2,311.47,6.09,D,2,252,,Unknown,1
21.37121,81.89761,346.9,0.4,0.44,2025-03-07,722,N,VIIRS,n,2,315.23,5.46,D,0,1,40.0,Cropland,0
18.10896,73.25797,332.83,0.48,0.4,2025-02-06,806,N,VIIRS,l,2,303.96,4.91,D,0,1,10.0,Tree cover,0
16.8553,78.2164,340.8,0.43,0.38,2025-02-27,811,N,VIIRS,l,2,312.83,3.56,D,0,1,40.0,Cropland,0
16.59773,77.47217,340.69,0.41,0.37,2025-01-26,811,N,VIIRS,n,2,309.95,2.75,D,0,1,40.0,Cropland,0
24.16526,82.62849,338.85,0.62,0.72,2025-01-25,832,N,VIIRS,n,2,303.12,6.39,D,0,118,,Unknown,1
22.92641,83.72663,340.49,0.4,0.37,2025-03-12,729,N,VIIRS,l,2,313.26,4.2,D,0,1,10.0,Tree cover,0
21.92373,83.35204,336.28,0.42,0.37,2025-02-08,729,N,VIIRS,l,2,309.67,6.21,D,2,390,60.0,Bare/sparse vegetation,1
19.10072,73.0537,316.62,0.51,0.41,2025-02-26,2101,N,VIIRS,n,2,293.64,1.25,N,2,121,50.0,Built-up,1
13.90825,78.46603,343.65,0.49,0.4,2025-02-16,817,N,VIIRS,l,2,316.05,5.17,D,0,1,40.0,Cropland,0
21.86029,83.96628,303.93,0.45,0.47,2025-02-17,2029,N,VIIRS,n,2,291.4,1.45,N,2,50,50.0,Built-up,1
23.62596,83.78018,337.05,0.43,0.62,2025-03-30,651,N,VIIRS,l,2,308.68,2.99,D,0,1,10.0,Tree cover,0
22.37726,87.27987,337.5,0.52,0.42,2025-02-04,704,N,VIIRS,n,2,307.83,6.05,D,2,279,,Unknown,1
21.35452,81.7522,345.31,0.39,0.36,2025-02-23,747,N,VIIRS,n,2,313.59,4.73,D,0,1,40.0,Cropland,0
16.91163,78.86533,330.18,0.37,0.58,2025-03-03,836,N,VIIRS,l,2,304.47,2.23,D,0,1,30.0,Grassland,0
22.04275,83.72949,340.27,0.52,0.5,2025-03-26,2034,N,VIIRS,n,2,299.54,8.42,N,2,440,30.0,Grassland,1
21.18792,81.39086,330.17,0.42,0.38,2025-01-28,2004,N,VIIRS,n,2,294.72,3.35,N,2,109,50.0,Built-up,1
17.43593,77.9474,341.62,0.51,0.41,2025-03-27,746,N,VIIRS,n,2,315.75,5.94,D,0,1,40.0,Cropland,0
18.68101,73.032,304.03,0.52,0.41,2025-02-10,2102,N,VIIRS,n,2,293.36,1.48,N,2,87,50.0,Built-up,1
22.10516,83.12176,301.02,0.4,0.44,2025-01-13,1945,N,VIIRS,n,2,289.89,1.68,N,2,35,50.0,Built-up,1
22.13081,83.5825,333.02,0.37,0.58,2025-03-19,657,N,VIIRS,n,2,302.73,3.66,D,0,1,10.0,Tree cover,0
23.55911,87.24203,332.73,0.4,0.6,2025-02-16,639,N,VIIRS,n,2,300.07,8.04,D,2,247,,Unknown,1
16.88257,77.45207,347.03,0.46,0.39,2025-03-16,752,N,VIIRS,n,2,320.96,8.44,D,0,1,40.0,Cropland,0
17.65084,76.28856,337.0,0.51,0.66,2025-03-18,855,N,VIIRS,l,2,310.97,6.16,D,0,1,40.0,Cropland,0
15.17844,76.65704,338.07,0.43,0.38,2025-02-17,758,N,VIIRS,l,2,310.94,5.57,D,2,187,60.0,Bare/sparse vegetation,1
23.7796,86.21033,342.44,0.41,0.45,2025-03-11,748,N,VIIRS,l,2,314.05,8.98,D,2,324,,Unknown,1
18.68404,73.0385,342.0,0.51,0.49,2025-03-16,753,N,VIIRS,n,2,305.8,7.92,D,2,119,50.0,Built-up,1
23.56971,82.09197,342.59,0.34,0.56,2025-03-20,819,N,VIIRS,n,2,301.42,8.61,D,0,1,10.0,Tree cover,0
23.20624,83.66457,299.97,0.39,0.44,2025-03-18,1944,N,VIIRS,n,2,288.79,0.79,N,0,2,30.0,Grassland,0
22.50369,83.40906,340.05,0.39,0.36,2025-03-06,741,N,VIIRS,l,2,312.41,2.64,D,0,1,40.0,Cropland,0
17.4946,76.97485,341.59,0.38,0.36,2025-01-21,805,N,VIIRS,n,2,315.55,2.7,D,0,1,40.0,Cropland,0
15.0206,78.01529,308.41,0.44,0.62,2025-02-25,1941,N,VIIRS,n,2,294.67,1.89,N,2,38,50.0,Built-up,1
22.48433,83.0679,341.87,0.39,0.36,2025-03-06,741,N,VIIRS,n,2,309.09,3.43,D,0,1,10.0,Tree cover,0
22.04551,83.72675,319.35,0.67,0.74,2025-02-10,2100,N,VIIRS,n,2,289.26,9.76,N,2,87,30.0,Grassland,1
22.0432,83.73067,349.72,0.53,0.5,2025-03-10,2035,N,VIIRS,n,2,303.7,11.92,N,2,440,60.0,Bare/sparse vegetation,1
22.04258,83.73655,345.9,0.45,0.47,2025-01-08,710,N,VIIRS,n,2,314.15,12.42,D,2,243,60.0,Bare/sparse vegetation,1
10.01365,77.27737,306.76,0.41,0.45,2025-02-24,2001,N,VIIRS,n,2,289.65,0.68,N,0,2,30.0,Grassland,0
15.18111,76.65649,301.9,0.33,0.55,2025-01-25,2102,N,VIIRS,n,2,291.24,1.77,N,2,187,50.0,Built-up,1
15.33454,76.28551,315.1,0.55,0.42,2025-03-22,2011,N,VIIRS,n,2,296.59,2.66,N,2,33,50.0,Built-up,1
21.18821,81.39225,309.41,0.39,0.44,2025-01-02,1951,N,VIIRS,n,2,289.81,1.65,N,2,109,50.0,Built-up,1
17.58429,77.21648,340.97,0.4,0.37,2025-03-05,759,N,VIIRS,l,2,314.68,3.38,D,0,2,40.0,Cropland,0
21.38242,83.67834,334.87,0.44,0.38,2025-01-22,747,N,VIIRS,n,2,306.38,4.23,D,0,2,40.0,Cropland,0
22.35162,82.29289,342.43,0.44,0.46,2025-03-02,716,N,VIIRS,n,2,308.01,5.9,D,2,101,40.0,Cropland,1
18.68144,73.0324,303.18,0.64,0.72,2025-03-28,2138,N,VIIRS,n,2,292.13,3.17,N,2,87,50.0,Built-up,1
20.96309,85.17363,341.18,0.39,0.36,2025-02-13,735,N,VIIRS,l,2,313.43,5.28,D,2,176,,Unknown,1
21.92095,83.35117,334.91,0.52,0.67,2025-01-04,825,N,VIIRS,n,2,304.9,5.21,D,2,390,50.0,Built-up,1
23.68082,81.73103,332.84,0.44,0.38,2025-03-16,754,N,VIIRS,l,2,303.62,4.84,D,0,2,10.0,Tree cover,0
13.5168,79.37236,343.21,0.39,0.36,2025-03-26,803,N,VIIRS,n,2,311.67,11.58,D,0,2,10.0,Tree cover,0
21.1821,81.3811,316.01,0.39,0.36,2025-01-01,2010,N,VIIRS,n,2,289.36,1.08,N,2,46,50.0,Built-up,1
22.32515,82.65806,302.88,0.41,0.37,2025-01-06,2016,N,VIIRS,n,2,290.21,0.53,N,2,1,10.0,Tree cover,0
20.78904,85.26208,331.78,0.42,0.61,2025-01-26,812,N,VIIRS,n,2,299.86,5.36,D,2,248,,Unknown,1
16.6981,76.49566,343.27,0.41,0.45,2025-02-07,746,N,VIIRS,n,2,309.69,20.71,D,0,2,30.0,Grassland,0
12.66559,78.74796,334.03,0.38,0.59,2025-03-29,1941,N,VIIRS,n,2,296.7,3.42,N,0,1,10.0,Tree cover,0
21.3994,82.93143,333.77,0.43,0.38,2025-02-08,729,N,VIIRS,n,2,307.12,2.03,D,0,2,40.0,Cropland,0
17.3142,77.15998,306.44,0.42,0.38,2025-02-22,2037,N,VIIRS,n,2,290.87,0.48,N,0,1,40.0,Cropland,0
18.72063,79.5391,342.62,0.39,0.36,2025-03-16,753,N,VIIRS,l,2,316.77,6.04,D,2,123,,Unknown,1
22.78984,86.20159,336.48,0.42,0.38,2025-01-13,716,N,VIIRS,n,2,298.35,7.4,D,2,220,,Unknown,1
21.37786,81.68094,311.78,0.39,0.36,2025-03-06,2010,N,VIIRS,n,2,294.24,2.16,N,2,107,50.0,Built-up,1
15.00496,77.00153,313.3,0.48,0.4,2025-01-17,2012,N,VIIRS,n,2,289.87,1.15,N,2,10,50.0,Built-up,1
21.70362,83.81121,307.49,0.45,0.39,2025-03-11,2016,N,VIIRS,n,2,292.86,1.12,N,0,1,10.0,Tree cover,0
16.16609,78.68525,333.66,0.79,0.78,2025-03-08,702,N,VIIRS,l,2,304.43,6.95,D,0,1,10.0,Tree cover,0
17.70031,80.88739,357.1,0.41,0.6,2025-02-10,830,N,VIIRS,n,2,305.39,8.62,D,0,1,10.0,Tree cover,0
21.27011,83.03982,347.1,0.6,0.53,2025-02-27,812,N,VIIRS,n,2,308.61,10.99,D,0,2,40.0,Cropland,0
17.53271,78.24462,352.04,0.39,0.36,2025-03-10,805,N,VIIRS,n,2,315.5,9.54,D,0,1,30.0,Grassland,0
21.43452,82.67416,333.84,0.38,0.36,2025-01-01,741,N,VIIRS,n,2,303.75,3.37,D,0,1,40.0,Cropland,0
21.85242,83.67273,335.89,0.47,0.4,2025-03-07,722,N,VIIRS,n,2,305.81,5.29,D,0,1,10.0,Tree cover,0
21.85943,83.96545,305.53,0.55,0.43,2025-02-12,2022,N,VIIRS,n,2,291.34,1.18,N,2,50,50.0,Built-up,1
15.33284,76.28607,311.22,0.47,0.48,2025-03-25,2055,N,VIIRS,n,2,293.23,1.87,N,2,33,50.0,Built-up,1
21.91938,83.35204,327.94,0.39,0.36,2025-02-13,2004,N,VIIRS,n,2,299.0,2.57,N,2,390,50.0,Built-up,1
15.18126,76.67708,323.76,0.43,0.38,2025-03-11,2018,N,VIIRS,n,2,298.08,2.08,N,2,116,50.0,Built-up,1
21.37805,81.644,304.57,0.52,0.67,2025-01-25,2100,N,VIIRS,n,2,291.23,2.08,N,2,98,50.0,Built-up,1
15.38957,78.2244,345.76,0.42,0.45,2025-02-18,740,N,VIIRS,n,2,313.99,5.26,D,0,1,40.0,Cropland,0
22.42838,82.74773,338.53,0.51,0.41,2025-03-07,722,N,VIIRS,l,2,313.18,11.72,D,0,2,30.0,Grassland,0
21.83172,83.78498,343.91,0.38,0.36,2025-03-01,735,N,VIIRS,n,2,308.73,5.69,D,0,1,10.0,Tree cover,0
17.93159,80.39481,336.26,0.48,0.65,2025-02-15,837,N,VIIRS,n,2,305.54,3.75,D,0,2,10.0,Tree cover,0
13.97276,78.31816,331.72,0.39,0.36,2025-02-06,804,N,VIIRS,l,2,306.45,2.04,D,0,2,10.0,Tree cover,0
17.91093,80.43752,312.44,0.39,0.36,2025-03-06,2011,N,VIIRS,n,2,293.99,1.69,N,0,2,10.0,Tree cover,0
15.17999,77.10228,305.92,0.53,0.5,2025-03-25,2055,N,VIIRS,n,2,294.36,1.64,N,2,71,50.0,Built-up,1
18.86269,73.93233,307.34,0.55,0.51,2025-03-06,2011,N,VIIRS,n,2,290.73,1.14,N,0,2,30.0,Grassland,0
22.67407,82.15926,340.42,0.4,0.37,2025-03-27,747,N,VIIRS,l,2,314.01,3.04,D,0,1,10.0,Tree cover,0
21.92166,83.35238,346.13,0.33,0.55,2025-01-26,813,N,VIIRS,n,2,313.14,4.91,D,2,390,50.0,Built-up,1
20.79513,85.25224,333.5,0.44,0.46,2025-03-16,2022,N,VIIRS,n,2,289.06,7.13,N,2,87,,Unknown,1
18.28095,73.22755,334.19,0.4,0.44,2025-03-21,759,N,VIIRS,l,2,306.59,16.25,D,0,1,10.0,Tree cover,0
17.65541,76.74933,317.17,0.38,0.36,2025-03-05,2030,N,VIIRS,n,2,293.34,0.91,N,0,1,40.0,Cropland,0
16.57507,80.90157,349.29,0.38,0.36,2025-03-16,752,N,VIIRS,n,2,318.56,12.28,D,0,2,40.0,Cropland,0
22.04306,83.73253,367.0,0.42,0.45,2025-03-21,800,N,VIIRS,h,2,303.72,7.78,D,2,440,60.0,Bare/sparse vegetation,1
15.17028,76.66578,343.71,0.4,0.44,2025-02-26,830,N,VIIRS,n,2,312.36,5.72,D,2,76,50.0,Built-up,1
15.17178,76.37817,303.73,0.45,0.63,2025-03-02,1947,N,VIIRS,n,2,290.61,2.29,N,2,115,50.0,Built-up,1
23.68502,86.39222,347.91,0.41,0.45,2025-03-27,747,N,VIIRS,l,2,319.46,7.53,D,2,235,,Unknown,1
17.93927,78.09596,332.85,0.48,0.48,2025-01-28,734,N,VIIRS,l,2,307.07,5.32,D,0,1,40.0,Cropland,0
22.32153,82.59509,338.58,0.56,0.43,2025-02-17,800,N,VIIRS,n,2,305.94,6.44,D,2,61,80.0,Permanent water,1
16.55696,77.81507,334.63,0.69,0.74,2025-02-25,709,N,VIIRS,n,2,303.77,3.04,D,0,1,30.0,Grassland,0
11.83654,76.44091,336.82,0.41,0.37,2025-01-21,804,N,VIIRS,l,2,311.17,5.0,D,0,1,40.0,Cropland,0
15.64006,78.92212,339.57,0.44,0.46,2025-03-09,823,N,VIIRS,n,2,309.17,3.33,D,0,1,10.0,Tree cover,0
17.47728,77.8899,339.02,0.5,0.41,2025-01-31,818,N,VIIRS,l,2,313.12,4.86,D,0,2,40.0,Cropland,0
21.54286,81.94827,310.21,0.38,0.36,2025-03-06,2010,N,VIIRS,n,2,294.4,0.96,N,2,21,50.0,Built-up,1
13.10659,79.22401,303.86,0.36,0.57,2025-03-29,1940,N,VIIRS,n,2,293.8,0.87,N,0,2,20.0,Shrubland,0
21.18153,81.38482,314.41,0.39,0.36,2025-01-01,2010,N,VIIRS,n,2,291.04,2.77,N,3,46,50.0,Built-up,1
22.04412,83.73415,334.35,0.4,0.37,2025-02-02,2010,N,VIIRS,n,2,297.39,8.14,N,2,440,60.0,Bare/sparse vegetation,1
23.77793,86.3889,351.7,0.47,0.4,2025-03-29,710,N,VIIRS,n,2,325.72,8.51,D,2,400,,Unknown,1
23.82752,84.93239,338.62,0.54,0.42,2025-02-09,710,N,VIIRS,n,2,312.75,7.1,D,2,162,,Unknown,1
21.04787,81.56628,330.99,0.5,0.41,2025-01-07,728,N,VIIRS,n,2,301.09,3.01,D,0,1,40.0,Cropland,0
21.91995,83.35222,336.5,0.33,0.55,2025-02-11,813,N,VIIRS,n,2,306.16,4.83,D,2,390,50.0,Built-up,1
